team,real_possession_pct,pass_completion_pct,short_pass_pct,long_pass_pct,progressive_carry_rate,cross_rate,attacking_third_receipt_rate,pressure_rate
AFC Bournemouth,51.2,78.136,41.683,20.782,49.048,2.453,28.404,178.397
Arsenal,58.3,82.602,45.277,16.496,50.14,2.096,32.119,154.189
Aston Villa,46.4,75.81,40.587,22.163,45.097,2.831,27.062,170.309
Chelsea,56.2,81.208,44.837,17.979,48.404,2.157,31.361,161.804
Crystal Palace,45.8,72.084,39.973,25.614,38.15,3.524,30.162,161.305
Everton,51.9,79.741,39.667,20.712,52.076,2.381,28.594,163.011
Leicester City,42.6,68.913,42.649,25.349,36.317,3.419,33.393,161.76
Liverpool,57.2,79.16,40.733,18.37,48.982,2.381,29.552,177.428
Manchester City,56.9,81.325,45.282,16.267,50.057,2.417,34.333,159.569
Manchester United,58.5,80.53,40.854,20.151,50.828,2.38,31.165,163.279
Newcastle United,46.6,75.362,41.336,22.87,42.536,2.828,28.037,161.936
Norwich City,46.0,71.535,41.545,23.739,43.94,3.045,33.654,150.412
Southampton,49.2,75.188,39.528,23.162,38.712,3.368,32.809,159.054
Stoke City,49.7,77.067,36.995,22.665,41.822,2.26,26.787,149.213
Sunderland,41.0,68.874,37.006,27.453,34.681,2.263,30.844,163.783
Swansea City,52.5,79.323,40.339,20.367,42.482,2.21,25.011,161.773
Tottenham Hotspur,57.4,78.675,37.849,21.286,47.294,2.09,28.782,162.16
Watford,45.1,70.884,42.782,24.086,31.886,2.426,30.95,150.212
West Bromwich Albion,39.8,67.919,35.76,27.736,32.125,3.307,33.956,162.386
West Ham United,48.4,75.508,40.458,23.359,41.612,2.844,29.333,139.269
